ab;desde,a partir de,de... en adelante;OTHER;1. Die Fahrt kostet ab Hamburg 200 Euro. 2. Ab nächster Woche bleibt unser Geschäft samstags geschlossen. 3. Mein Bruder besucht uns ab und zu.
aber;pero, sin embargo,bueno, pero;OTHER;1. Heute kann ich nicht, aber morgen ganz bestimmt.2. Es lag sehr viel Schnee, aber Enzo ist trotzdem mit dem Motorrad gefahren.3. Wir haben nur eine kleine Wohnung, sind aber damit zufrieden.4. Es war sehr schön. Jetzt muss ich aber gehen.5. Ich würde gerne kommen, aber es geht leider nicht.6. Darf ich dich zu einem Kaffee einladen? – Aber ja, sehr gern.7. Du spielst aber gut Klavier.
absolut;absoluto,absolutamente,por completo,en absoluto;OTHER;1. Was Sie da sagen, ist absolut falsch. 2. Ich habe absolutes Vertrauen zu dir.
ach;¡ah!;OTHER;1. Sie sind krank? Ach, das tut mir aber leid. 2. Ach so! Jetzt verstehe ich, was Sie meinen. 3. Ach ja, das hatte ich vergessen. Heute gehen wir ja zu deinen Freunden. 4. Ich habe Angst, ich schaffe es nicht. – Ach was! Das wird schon klappen. 
aha;¡ajá!, ¡ya!;OTHER;Ich gehe bald in Rente. – Aha, dann haben Sie ja viel Zeit für Ihre Hobbys.
aktiv;activo,en activo,(en) activo;OTHER;Ich bin sehr aktiv und mache viel Sport.
all-;"";OTHER;1. Alles Gute! 2. Sonst noch (et)was? – Nein, danke. Das ist alles. 3. Sind alle da? 4. Alle unsere Freunde kommen. 5. Hast du alles?
allein;solo, a solas,solo,sólo, solamente,pero, sin embargo;OTHER;1. Ich gehe nicht gern allein spazieren. 2. Soll ich Ihnen helfen? – Danke, ich schaffe es schon allein. 3. Es war sehr teuer. Allein das Essen hat schon über 50 Euro gekostet.
aller-;"";OTHER;1. Am allerbesten ist es, wenn du dich ins Bett legst und lange schläfst. Dann wirst du schnell wieder gesund.2. Das ist das Allerschönste, was ich je gesehen habe.
allgemein;general,universal, público,común,en general;OTHER;1. Im Allgemeinen bin ich mit meiner Arbeit sehr zufrieden. 2. Wir haben nur über allgemeine Probleme gesprochen.
als;(justo) cuando,al +inf,cuando,como si, que,que,como, de;OTHER;1. Als mein Mann kam, war die Party schon zu Ende.2. Sie können sich sowohl persönlich als auch per Internet anmelden. 3. Meine Schwester ist älter als ich. 4. Es ist später, als ich dachte.
als ob;"";OTHER;Der Chef tat so, als ob wir nie darüber gesprochen hätten.
also;así, por consiguiente,o sea,bueno;OTHER;1. Also, die Sache ist so: ... 2. Irina hat Urlaub. Sie kann uns alsohelfen. 3. Also wirklich, jetzt reicht es.
alt;viejo,anciano, de avanzada edad,carroza fam,usado, de segunda mano, gastado,clásico,antiguo;OTHER;1. Wie alt sind Sie? 2. Maria ist eine alte Freundin von mir.
an;en, junto a,(a orillas) de,a,a, contra,a, para,aproximadamente, unos,encendido;OTHER;1. Am Anfang war alles sehr schwierig. 2. Dann sehen wir uns also am Dienstag. 3. Ich warte am Bahnhof auf dich. 4. Meine Freundin ist Lehrerin am Gymnasium. 5. Am besten, du gehst zur Information und fragst da. 6. Das Licht war die ganze Nacht an.
ander-;"";OTHER;1. Die anderen sind schon nach Hause gegangen.2. Bitte nicht alle auf einmal! Einer nach dem anderen.3. Ich hätte gern ein anderes Auto. 4. Das andere Kleid gefällt mir besser. 5. Natascha hat unter anderem Chinesisch und Spanisch gelernt.
anfangs;a principios de,al principio, al comienzo;OTHER;Anfangs ging alles gut.
arm;pobre,necesitado,sin recursos,infeliz, pobre;OTHER;1. Bitte sammeln Sie Geld für arme Kinder!2. Ich hätte gerne 200 g fettarmen Käse.
auf;sobre,encima de,en,durante,a, en,a, hacia,de,arriba,abierto;OTHER;1. Deine Brille liegt auf dem Schreibtisch. 2. Die Kinder spielen unten auf der Straße. 3. Meine Eltern leben auf dem Land. 4. Gestern waren wir auf einer Party. 5. Auf unsere Anzeige in der Abendzeitung hat sich noch niemand gemeldet. 6. Wie heißt das auf Deutsch? 7. Meine Tochter kommt nächstes Jahr aufs Gymnasium.
aus;de, por,de,apagado,fuera;OTHER;1. Frau Müller geht jeden Morgen um 8 Uhr aus dem Haus.2. Frau özgen kommt aus der Türkei. 3. Die Möbel sind noch aus der Zeit um 1900. 4. Ich trage nur Pullover aus reiner Wolle. 5. Wir haben aus Liebe geheiratet.
ausgebildet;"";OTHER;Für diesen Beruf müssen Sie gut ausgebildet sein.
ausschließlich;exclusivo,únicamente,exclusivamente,sólo,con exclusión de, excluido;OTHER;Tut mir leid. Wir haben ausschließlich Nichtraucherzimmer.
außen;fuera;OTHER;"1. Wir haben das Schloss nur von außen gesehen.
2. Außen ist das Haus nicht sehr schön."
außer;fuera de,excepto, a excepción de,aparte de;OTHER;1. Außer Lisa hat sich niemand um die Stelle beworben. 2. Der Aufzug ist außer Betrieb. 3. Wir haben täglich außer Samstag geöffnet.
außerhalb ;fuera de,fuera;OTHER;Wir wohnen außerhalb von Berlin.
bar;en efectivo,puro, verdadero,(Steh)café nt,Kneipe f,Bar nt;OTHER;Zahlen Sie bar? 
befreit;"";OTHER;Schüler und Studenten sind von den Rundfunk-Gebühren befreit.
befriedigend;satisfactorio,≈ bien;OTHER;Das Ergebnis ist befriedigend.
begeistert;entusiasmado con/por;OTHER;Es war ein tolles Konzert. Ich bin begeistert.
begrenzt;limitado;OTHER;Die Teilnehmerzahl ist auf zwölf begrenzt.
bei;cerca de, junto a,en,en casa de, con,encima,durante, en,con,en caso de;OTHER;1. Potsdam liegt bei Berlin. 2. Ich wohne bei meinen Eltern. 3. Bei uns ist das anders als bei euch. Wir essen kein Fleisch. 4. Ich habe kein Geld bei mir. 5. Wir wollen euch nicht beim Essen stören.
beid-;"";OTHER;1. Beide waren mit meinem Vorschlag einverstanden. 2. Beide Eltern sind berufstätig. 3. Welche Bluse nehmen Sie?– Ich nehme beide. 
zum Beispiel;"";OTHER;1. Mein Freund hat viele Hobbys wie zum Beispiel Kochen, Tanzen, Fußballspielen.2. Ich muss oft überstunden machen, zum Beispiel am Wochenende.
bekannt;conocido,popular,sabido,famoso por;OTHER;"1. Ein Großonkel von mir ist ein bekannter Politiker.
2. Dieses Lied ist sehr bekannt."
beliebt;estimado, apreciado,solicitado,popular;OTHER;Dieses Spiel ist bei Jugendlichen sehr beliebt.
bequem;cómodo, confortable,perezoso,comodón;OTHER;1. Meine Kinder ziehen am liebsten bequeme Sachen an.2. Im Supermarkt einkaufen ist sehr bequem.3. Diesen Sessel finde ich sehr bequem.
berechtigt;habilitado para,autorizado para,fundado,justificado;OTHER;Sie sind berechtigt, Wohngeld zu beantragen.
berühmt;famoso por,célebre por;OTHER;Michael Schumacher war ein berühmter Rennfahrer.
Bescheid sagen ;"";OTHER;Ich erkundige mich nach den Terminen und sage Ihnen dann Bescheid.
Bescheid geben;"";OTHER;Kannst du mir bis morgen Bescheid geben?
besonder-;"";OTHER;Meine Eltern wollten uns mit dieser Reise eine ganz besondere Freude machen.
bestimmt;determinado,seguro, concreto,decidido, enérgico,impositivo CSur,seguro, seguramente;OTHER;1. Das hat Nancy bestimmt nicht so gemeint. 2. Möchtest du ein bestimmtes Brot?
betrunken;borracho,bebido;OTHER;1. Wir wollten uns neue Betten kaufen. 2. Solange Sie Fieber haben, müssen Sie im Bett bleiben.
billig ;barato,poco convincente,justo;OTHER;Dieses Buch ist nicht ganz billig.
bio(logisch);"";OTHER;Biologische Lebensmittel gibt es jetzt auch im Supermarkt.
bis;hasta,de... a..., entre... y...,hasta +inf,hasta que +subj,bis,wiederholen,noch einmal,Wiederholung f,da capo,zweimal;OTHER;1. Die Linie 8 fährt nur bis zum Hauptbahnhof. 2. Bis wann können Sie bleiben? 3. Tschüs. Bis gleich! 4. Einige Züge hatten bis zu zwei Stunden Verspätung. 5. Für die Renovierung brauchen wir drei bis vier Tage. 6. Warte hier, bis ich zurückkomme.
ein bisschen;"";OTHER;1. Wenn Sie ein bisschen warten, können wir zusammen gehen. 2. Möchten Sie noch ein bisschen Reis? 3. Können Sie bitte ein bisschen lauter sprechen? 4. Sprechen Sie Englisch? – Ein bisschen. Darf ich Sie bitten, kurz zuzuhören?
bitte;por favor;OTHER;Hast du Zucker? Der Tee ist sehr bitter.
bitter ;amargo,intenso, fuerte,grande;OTHER;Du siehst ganz blass aus. Bist du krank?
blass ;pálido,niste Nic,blanquecino;OTHER;1. Die Bäume bekommen schon gelbe Blätter.
blau;azul,amoratado,lívido elev,borracho, como una cuba,bolo AmC;OTHER;1. Ich bleibe heute zu Hause. 2. Im Juni und Juli bleibt
blond;rubio;OTHER;1. Mein Sohn ist blond. 2. Nina hat lange blonde Haare.
bloß;descubierto,desnudo,puro, mero,únicamente, sólo;OTHER;1. Ich möchte nichts kaufen. Ich möchte mich bloß umsehen. 2. Komm bloß nicht zu spät. Wir müssen pünktlich am Bahnhof sein.3. Ach, wenn ich bloß mehr verdienen würde!
böse;malo,enfadado con con,enojado con con,maleducado,grave,perniciosa,malvado,mal,mucho;OTHER;1. Ich habe das Buch leider vergessen. Hoffentlich bist du mir nicht böse. 2. Mach nicht so ein böses Gesicht! 3. Ich bin böse auf dich, du hast schon wieder deine Hausaufgaben nicht gemacht. 4. Zeig mal! Du hast dich verletzt? Das sieht aber böse aus.
braun;marrón,pancho Chil,castaño,oscuro,moreno, bronceado,nacionalsocialista, nazi;OTHER;1. Meine Frau hat braune Augen. 2. Sind Sie im Urlaub aber braun geworden!
da;allí, allá,ahí, aquí,entonces,en este caso,ya que, puesto que,dado que, debido a que,como,cuando;OTHER;"1. Da drüben ist ein Getränkeautomat. 2. Was Sie da sagen, ist richtig. 3. Ich wollte gerade einparken. Da kam
ein Wagen rückwärts aus der Einfahrt. 4. Wir haben schon geschlossen.
– Da kann man nichts machen. 5. Da Sie keinen Mitgliedsausweis
haben, ist es etwas teurer. 6. Wir haben gerade über dich gesprochen. Da bist du ja.
7. Welche Bluse nehmen Sie? – Die da."
da sein;"";OTHER;Ist Herr Klein schon da?
dabei sein ;"";OTHER;Schön, dass du da bist. Ist deine Tochter auch dabei?
dafür sein;"";OTHER;Ich bin dafür, dass wir möglichst früh losfahren.
dagegen sein;"";OTHER;Ich bin dagegen, dass meine Kinder rauchen.
damit;con ello,para +inf,para que +subj;OTHER;1. Mach schnell, damit wir nicht zu spät kommen. 2. Was macht man mit diesem Ding? Damit kann man Dosen aufmachen.
danke;¡gracias!;OTHER;1. Soll ich Ihnen helfen? – Nein, danke, nicht nötig. 2. Guten Appetit! – Danke gleichfalls.
dann;luego, más tarde,entonces,en aquel momento,luego, además,entonces, en este caso;OTHER;1. Ich muss noch schnell zur Post, dann komme ich. 2. Wir waren pünktlich am Bahnhof. Aber dann hatte der Zug Verspätung. 3. Ich habe im Moment sehr viel zu tun. – Dann will ich nicht länger stören. 4. Wenn es nicht regnet, dann kommen wir. 5. Noch ein Jahr, dann bin ich mit meiner Ausbildung fertig.
dass;que;OTHER;Rico hat mir gesagt, dass er auch zur Party kommt.
denn;pues,pues, puesto que, porque,que;OTHER;1. Sie müssen gut Deutsch können. Denn bei der Arbeit müssen Sie mit deutschen Kunden sprechen. 2. Wie ist das Spiel denn ausgegangen?
je ... desto;"";OTHER;Je schneller wir arbeiten, desto früher sind wir zu Hause.
deswegen;"";OTHER;Ich habe falsch geparkt. Deswegen habe ich einen Strafzettel bekommen.
deutlich ;claro,legible,nítido,obvio,notorio,claramente,notablemente,notoriamente,visiblemente;OTHER;Schreiben Sie bitte deutlich!
dicht ;denso,espeso,tupido,cerrado,hermético,impermeable,a punto de llegar,densamente;OTHER;Unsere Fenster sind nicht dicht. Es zieht immer.
dick ;gordo,grueso,obeso,voluminoso,bastante,fuerte,hinchado,abotargado,espeso,denso,del alma,muy,mucho;OTHER;1. Ich bin zu dick. Ich muss weniger essen. 2. Die Wände sind hier sehr dick.
dies- ;"";OTHER;1. Wohin fährst du dieses Jahr in Urlaub? 2. Welche Hose nehmen Sie? – Diese hier.
digital;digital,Finger-,Fingerhut m,Digitalis f;OTHER;Ich habe eine Digitaluhr gekauft. Die geht genauer als die anderen.
direkt;directo,sin rodeos,inmediato, directo,derecho,enseguida, directamente,realmente;OTHER;1. Wir liefern Ihnen die Waren direkt ins Haus. 2. Das Dorf liegt direkt an der Autobahn. 3. Gibt es keinen direkten Zug nach Hamburg? 4. Sie übertragen das Fußballspiel direkt.
doch;sin embargo, a pesar de todo,pero,pues,sí,claro que sí,sí que,pero, pues,no es así,verdad,mas;OTHER;1. Isst du kein Fleisch? – Doch, manchmal schon. 2. Ich habe es mir anders überlegt. Ich komme doch mit in die Stadt. 3. Ihr kommt doch heute Abend? 4. Komm doch mal auf ein Bier vorbei! 5. Fragen Sie doch Herrn Müller, der ist Computerspezialist. 6. Ach, wenn doch schon Sonntag wäre!
doppelt;doble,repetido, dos veces;OTHER;Das Buch habe ich doppelt.
dringend;urgente, apremiante,enérgico;OTHER;1. Ich muss dich dringend sprechen. 2. Ich erwarte einen dringenden Anruf. 3. Bitte kommen Sie schnell. Es ist dringend.
dunkel;oscuro,bajo,grave,vago,misterioso, enigmático,sospechoso, oscuro;OTHER;1. Um sechs Uhr ist es schon dunkel. 2. Warum machst du kein Licht an? Hier ist es so dunkel. 3. Meine Schwester hat dunkle Haare. 4. Ich habe mir eine dunkelblaue Bluse gekauft.
durch;por,a través de,por (medio de),a causa de, por,durante,dividido por;OTHER;1. Wir sind mit dem Fahrrad durch den Wald gefahren. 2. Wenn Sie zum Bahnhof gehen, kommen Sie durch die Goethestraße. 3. Wir haben den ganzen Mai durch geheizt. 4. Wir haben unsere Wohnung durch einen Makler bekommen.
durcheinander;revuelto, mezclado,confuso, turbado;OTHER;1. Alle meine Sachen sind durcheinan- der. Ich finde nichts mehr. 2. Bitte redet nicht alle durcheinander. Sonst verstehe ich nichts.
durchschnittlich;medio,promedio,mediano,común, corriente,por término medio;OTHER;1. Die Preise sind im letzten Jahr um durchschnittlich 6 % gestiegen. 2. In Deutsch ist Ihr Sohn sehr gut, aber in Mathematik sind seine Leistungen nur durchschnittlich.
eben;raso, llano,liso,en este momento, ahora mismo,hace un instante [oder momento],un momento,justo;OTHER;1. Ich bin eben erst angekommen. 2. Ich gebe auf. Ich habe eben kein Glück!
ebenfalls;igualmente, asimismo;OTHER;Ich wünsche Ihnen ein schönes Wochenende. – Danke, ebenfalls.
echt;auténtico,natural,original,verdadero,real,típico,genuino,sólido,propio,puro,realmente;OTHER;1. Ich träume von einem echten Perserteppich. 2. Der Film war echt gut.
eher;antes que,más temprano,más bien;OTHER;1. Ich stehe meist eher auf als mein Mann. 2. Michael sieht gerne Serien, ich mag eher Krimis.
eigentlich;verdadero, real,original,realmente, en realidad,en el fondo, a decir verdad;OTHER;1. Wir wollten eigentlich Freunde besuchen, aber dann sind wir doch zu Hause geblieben. 2. Die Sängerin nennt sich Arabella. Aber eigentlich heißt sie Uschi Müller. 3. Was willst du eigentlich von mir?
ein-;"";OTHER;"1. Ich nehme ein Bier. Willst du auch eins?
2. Ist hier einer, der Spanisch kann?"
einfach;simple, sencillo,sencillo, fácil,modesto, sencillo,simplemente,sencillamente;OTHER;1. Hin und zurück? – Nein, bitte nur einfach.2. Ich verstehe das nicht. Kannst du das bitte einfacher sagen?3. Wir haben am Wochenende einen Ausflug gemacht. Es war einfach toll.
einschließlich;inclusive,inclusive, incluido;OTHER;Alles zusammen kostet 200 Euro einschließlich Fahrtkosten.
einzeln;por separado, uno por uno;OTHER;1. Dieses Mineralwasser gibt es nur im Kasten, nicht einzeln.2. Die Schüler mussten einzeln zum Direktor kommen.
Elektro-;"";OTHER;z. B. Elektrogeschäft, Elektro- ingenieur, Elektroherd
endlich;limitado,finito,por fin, finalmente;OTHER;1. Wir müssen Energie sparen. 2. Abends habe ich keine Energie mehr, Sport zu machen.
eng;estrecho, angosto,ajustado, ceñido,denso,apretado,estricto, limitado,íntimo;OTHER;zusammen.
entfernt ;distante, lejano,apartado, alejado,lejano,vago;OTHER;Das Hotel liegt etwa 100 m vom Strand entfernt.
entgegenkommen;ir [oder salir] al encuentro de,venir de frente, venir en dirección contraria,hacer concesiones, dar facilidades,convenir,ajustarse a;OTHER;1. Auf dem Weg nach Hause ist mir mein Nachbar entgegengekommen. 2. Können Sie mir mit dem Preis entgegenkommen?
entlang;a lo largo de;OTHER;Gehen Sie diese Straße entlang. Dann kommen Sie direkt zum Bahnhof.
entschlossen sein;"";OTHER;Ich bin fest entschlossen, diese Ausbildung fertigzumachen.
entspannend;"";OTHER;Der Urlaub war sehr entspannend.
entweder ... oder;"";OTHER;Nur einer kann gewinnen, entweder du oder ich.
erfolgreich;triunfante, afortunado,eficaz,con éxito;OTHER;Mein Großvater war ein erfolgreicher Geschäftsmann.
erforderlich;necesario, preciso;OTHER;1. Bringen Sie bitte alle erforderlichen Unterlagen mit. 2. Persönliches Erscheinen ist erforderlich.
erkältet sein;"";OTHER;Ich bin stark erkältet.
ernst;serio,firme,grave,solemne;OTHER;Das ist ein ernstes Problem.
erschöpft;"";OTHER;1. Entschuldigung. Ich wollte Sie nicht erschrecken. 2. Hast du mich aber erschreckt! 3. Du hast richtig krank ausgesehen.
erst;primero,en primer lugar,al principio,no hasta,sólo, solamente;OTHER;1. Sofia ist erst 20 Jahre alt. 2. Ich habe das erst gestern erfahren. 3. Sprich erst mit dem Arzt. 4. Erst hat mir die Arbeit gar nicht gefallen, aber jetzt habe ich mich daran gewöhnt.
erst-;"";OTHER;1. Ich war zum ersten Mal allein im Urlaub. 2. Ich wohne im ersten Stock. 3. An erster Stelle kommt die Schule.
es;ello,él, ella,lo;OTHER;1. Mein Auto muss in die Werkstatt. Es ist kaputt. 2. Wissen Sie nicht, wo Herr Müller ist? – Nein, ich weiß es nicht. 3. Es wurde schon ein Antrag auf Wohngeld gestellt. 4. Wer ist da? – Ich bin es. / Ich bin’s. 5. Mir geht es gut. 6. Ich finde es sehr nett von Ihnen, dass Sie mich abholen. 7. Es macht Spaß, zusammen ein Picknick zu machen.
etwa;aproximadamente, más o menos,por ejemplo,a veces, de vez en cuando,quizá, tal vez;OTHER;1. Von hier sind es etwa zwanzig Kilometer. 2. Von zu Hause brauche ich etwa 10 Minuten bis zur Arbeit. 3. Du bist doch nicht etwa krank?
etwas;algo,un poco, algo;OTHER;1. Ich muss dir etwas erzählen. 2. Ich habe nur Tee. Etwas anderes kann ich Ihnen leider nicht anbieten. 3. Haben Sie etwas zum Schreiben? 4. Wollen wir mit dem Nachtisch noch etwas warten? 5. So etwas habe ich noch nie gehört. 6. Ich habe etwas Gutes für dich gekocht.
extra;adicional,aparte, separado,extra,especialmente,Extra-,Sonder-,erstklassig,Extra nt,Sonderleistung f,Sonderbericht m,Lohnzulage f,Extraspeise f,Extras nt pl,Sonderzubehör nt,Statist(in) m (f),Aushilfe f;OTHER;1. Die Getränke kosten extra. 2. Warum sind Sie nicht gekommen?
extrem;extremo,en extremo;OTHER;Ich habe extra auf Sie gewartet. Die Prüfung war extrem schwer.
fair;correcto,justo,limpio;OTHER;Ich finde, unsere Mannschaft hat sehr fair gespielt.
falls;en caso de que +subj,si;OTHER;Falls es regnet, machen wir kein Picknick.
falsch;equivocado, erróneo,falsificado, falso,postizo,falso, de imitación,erróneo, falso,falso, alevoso,mal;OTHER;1. Tut mir leid, ich habe die falsche Nummer gewählt. 2. Meine Uhr geht falsch. 3. Was Sie da sagen, ist falsch.
farbig;de colores,coloreado,de color,pintoresco, vivo;OTHER;Ich brauche kein weißes, sondern farbiges Papier.
fast;casi;OTHER;1. Der Zucker ist fast alle. 2. Ich habe fast alles verstanden.
faul;podrido,putrefacto,cariado,perezoso, vago,dudoso, sospechoso,moroso;OTHER;1. Mein Sohn war am Anfang in der Schule sehr faul. Heute lernt er sehr fleißig. 2. Den Apfel kannst du nicht mehr essen. Der ist faul.
fertig;terminado, acabado,listo,listo para,preparado para,rendido, frito;OTHER;1. Das Essen ist gleich fertig. 2. Wenn ich mit der Arbeit fertig bin, gehe ich nach Hause. 3. Bist du fertig? 4. Das war ein schlimmer Tag. Ich bin total fertig.
fest;sólido, compacto,duro,robusto,fuerte,firme, inconmovible,fijo,permanente, constante,rollizo;OTHER;1. Mein Kollege glaubt fest daran, dass er die neue Stelle bekommt. 2. Als wir nach Hause kamen, haben die Kinder schon fest geschlafen. 3. Für die nächste Familienfeier gibt es noch keinen festen Termin. 4. Das Eis ist noch nicht fest genug.
fett;graso, grasiento,gordo, grueso,seboso pey,graso,lucrativo, abundante,en negrilla,guay;OTHER;1. Die Wurst ist mir zu fett. 2. Das ist aber ein fetter Kater!
fleißig;aplicado, trabajador,regular,con empeño, con diligencia,a menudo;OTHER;Pamela ist wirklich fleißig. Sie macht immer ihre Hausaufgaben.
fließend;corriente,difuso,con soltura, con fluidez;OTHER;1. Mein Kollege spricht fließend Deutsch. 2. Ich hatte nur ein Zimmer mit fließendem Wasser.
folgend;siguiente;OTHER;1. Mehr Informationen auf den folgenden Seiten. 2. Sie müssen folgende Schulbücher kaufen.
frei;libre,en libertad,libre de,exento de,abierto, descubierto,vacante,gratuito, libre de gastos,liberal,franco, abierto,(al) descubierto;OTHER;1. Ist dieser Platz noch frei? 2. Morgen haben wir frei. 3. Eintritt frei. 4. Ich trinke nur alkoholfreies Bier. 5. Dieses Medikament ist rezeptfrei. 6. Jetzt ist frei, du kannst telefonieren. 7. Sie können Ihren Arzt frei wählen.
frisch;fresco,nuevo,limpio,vivo,recién;OTHER;1. Das Brot ist noch ganz frisch. 2. Die Handtücher sind frisch gewaschen. 3. Ich muss mal an die frische Luft.
befristet;limitado;OTHER;1. Ihre Aufenthaltserlaubnis ist befristet. 2. Die Arbeitserlaubnis ist unbefristet.
früh;temprano,prematuro,(por la) mañana;OTHER;1. Hier ist schon am frühen Morgen starker Verkehr. 2. Mein Vater arbeitet von früh bis spät. 3. Ich bin heute sehr früh aufgestanden. 4. Wir sind eine halbe Stunde zu früh gekommen. 5. Wecken Sie mich bitte morgen früh um 6 Uhr.
früher/früher-;"";OTHER;1. Früher habe ich in Berlin gewohnt. 2. Wir nehmen den früheren Zug.
für;para, por,para,por,a causa de, por,en lugar de, por;OTHER;"1. Ist Post für mich da? 2. Ich habe die Schlüssel für meineWohnung verloren. 3 Gibt es hier einen Sportverein für Jugendliche?4. Diese alten Möbel haben wir für 100 Euro bekommen.
5. Für einen Anfänger spricht mein Nachbar sehr gut Deutsch.
6. Du kannst nicht einkaufen gehen? Ich kann es für dich machen.
7. Für mich ist das ein schwerer Fehler. 8. Wir haben die Wohnung für ein
Jahr gemietet."
furchtbar;horroroso, horrible,enorme, tremendo,muy;OTHER;1. Ich hatte mein Geld vergessen. Das war mir furchtbar unangenehm. 2. Dennis hat furchtbare Schmerzen.
ganz;todo, entero,completo,en buenas condiciones, intacto,sólo,totalmente, completamente,del todo, por completo,bastante,muy;OTHER;1. Ich habe den ganzen Tag noch nichts gegessen.  2. Den Zahnarzttermin habe ich ganz vergessen. 3. Ich finde Janis ganz nett. 4. Am Montag ist hier Ruhetag. Das weiß ich ganz sicher. 5. Gott sei Dank ist meine Brille noch ganz.
gar;incluso,por lo demás;OTHER;1. Die Kartoffeln sind noch nicht gar. 2. Du räumst nie dein Zimmer auf. – Das ist gar nicht wahr. 
geehrt ;estimado;OTHER;Sehr geehrte Damen und Herren, ...
geeignet sein;"";OTHER;Dieses Spiel ist nicht für sehr kleine Kinder geeignet.
gegen;en contra de, contra,contrario a,contra,hacia,en comparación con,contra, por,sobre, a eso de,alrededor de, más o menos;OTHER;1. Ich bin gegen einen Baum gefahren. 2. Hier dürfen Sie nicht rauchen. Das ist gegen die Vorschrift. 3. Haben Sie ein Mittel gegen Grippe? 4. Wir liefern nur gegen bar. 5. Ich bin gegen 14 Uhr wieder da. 6. Ich bin gegen diesen Vorschlag. 7. Wer spielt gegen wen?
gegenüber;frente a, enfrente de,frente a,por lo que respecta a,delante de,ante,de cara a,en comparación con,enfrente;OTHER;1. Das Geschäft liegt direkt gegenüber der Post.2. Mir gegenüber war der Polizist sehr freundlich.
gelb;amarillo;OTHER;1. Deine gelbe Jacke gefällt mir. 2. Die Ampel zeigt Gelb. 3. Die Blätter werden schon gelb.
gemeinsam;común,conjunto,en común,juntos;OTHER;1. Du musst die Wohnung renovieren? Ich helfe dir. Wir können das gemeinsam machen. 2. Wir haben die Garage gemeinsam mit dem Nachbarn.
gemütlich;agradable,acogedor,cómodo,lento, tranquilo,bonachón,a gusto;OTHER;1. Wir haben eine sehr gemütliche Wohnung. 2. Es ist sehr gemütlich bei dir.
genau;exacto,justo,mero Mex,escrupuloso,esmerado,detallado,exactamente,precisamente,en punto;OTHER;1. Haben Sie die genaue Zeit? 2. Sind Sie sicher, dass heute Ruhetag ist? – Ja, das weiß ich genau. 3. Die Uhr geht genau. 4. Es ist genau acht Uhr.
gerade;recto,derecho,sincero, franco,par,ahora mismo,justo,precisamente;OTHER;1. Das Bild hängt nicht gerade. 2. Kannst du später noch mal anrufen? Wir sind gerade beim Essen.
gerecht;justo,merecido,justificado, fundado;OTHER;Andere bekommen für diese Arbeit mehr Lohn. Das finde ich nicht gerecht.
gesamt-/Gesamt- ;"";OTHER;1. Die gesamte Bevölkerung ist dagegen. 2. z. B. Gesamtgewicht, Gesamtsumme
geschieden ;"";OTHER;Ich bin seit drei Jahren geschieden.
gespannt;curioso por,atento,tenso;OTHER;Ich bin gespannt, wer bei diesem Spiel gewinnt.
gestern;ayer;OTHER;Ich bin erst gestern zurückgekommen.
getrennt leben ;"";OTHER;Ich lebe getrennt von meiner Frau. 
gewöhnlich;habitual,acostumbrado,corriente,común,ordinario,vulgar,normalmente;OTHER;Um die Zeit ist mein Onkel gewöhnlich zu Hause.
gewohnt;habituado, acostumbrado,familiar;OTHER;Ich bin gewohnt, früh ins Bett zu gehen.
glatt;plano,liso,suave,raso,resbaladizo,perfecto,sin problemas,claro,rotundo,empalagoso,escurridizo,sin obstáculos,rotundamente,sencillamente;OTHER;Fahr vorsichtig! Es ist glatt.
gleich;igual,idéntico,parecido, similar,ahora mismo, inmediatamente,pronto,justo, directamente,igual a;OTHER;1. Ich komme gleich. 2. Wir sind gleich alt. 3. Es ist mir ganz gleich, was Sie von mir denken. 4. Mein Nachbar ist immer gleich beleidigt. 5. Wir sind am gleichen Tag geboren.
gleichzeitig;simultáneo,al mismo tiempo,simultáneamente;OTHER;Ich kann nicht alles gleichzeitig machen.
glücklich;dichoso, afortunado,feliz,felizmente, bien,felizmente;OTHER;1. Meine Schwester hat geheiratet und ist sehr glücklich. 2. Ich wünsche Ihnen ein glückliches neues Jahr. 3. Ich bin glücklich verheiratet.
gratis;gratis,de coca Méx: fam,kostenlos;OTHER;Diese Reparatur kostet Sie gar nichts, wir machen das gratis für Sie.
grau;gris,monótono,incierto;OTHER;1. Ich habe mir einen grauen Anzug gekauft. 2. Der Himmel ist heute ganz grau. 3. Ich bekomme schon die ersten grauen Haare. 
grün;verde,inmaduro,novato,bisoño;OTHER;1. Gefällt dir dieser grüne Pullover? 2. Die Bäume werden schon grün. 3. Die äpfel sind noch ganz grün.
gründlich;cuidadoso,concienzudo,detenido,minucioso,amplio,con cuidado,con detenimiento,a conciencia,en profundidad,a fondo;OTHER;1. Sie müssen die Wohnung gründlich reinigen, bevor Sie ausziehen. 2. Waschen Sie sich gründlich die Hände.
halb;medio,a medias, medio;OTHER;1. Treffen wir uns um halb neun? 2. Bei dieser Firma habe ich ein halbes Jahr gearbeitet. 3. Ich gebe Ihnen die Tomaten zum halben Preis. 4. Die Flasche ist ja noch halb voll.
hallo;¡hola!,¡oiga!, ¡eh!;OTHER;1. Hallo? Ist dort Schulz? – Nein, hier ist Meier. 2. Hallo Inge! Wie geht’s?
halt;pues,¡alto!,¡basta!;OTHER;1. Halt! Stehen bleiben! 2. Es gibt leider keine Karten mehr. – Schade. Da kann man nichts machen. Das ist halt so.
hart;duro,firme,sólido,estable,gordo fam,resistente,difícil,encarnizado,fuerte,ímprobo,insensible,severo,riguroso,violento,muy cerca de,rayando en;OTHER;1. Das Bett im Hotel war mir zu hart. 2. Die Brötchen sind ja ganz hart. 3. Ich habe eine harte Woche vor mir. Ich muss jeden Tag überstunden machen. 4. Wir haben hart gearbeitet, um die Wohnung zu bezahlen.
hässlich;feo,macaco Cuba, Chil,malo,feo, malo,desagradable;OTHER;1. Das ist aber eine hässliche Lampe! 2. Dieses Kleid finde ich hässlich.
häufig;frecuente,repetido,a menudo,con frecuencia;OTHER;Haben Sie häufig Kopfschmerzen? Dann sollten Sie nicht so lange am Computer sitzen.
heimlich ;secreto,clandestino,furtivo,en secreto, a escondidas;OTHER;Gestern habe ich gehört, dass mein Sohn heimlich raucht.
heiß;caliente,caluroso,cálido,encarnizado,violento, fuerte,ardiente,delicado,en celo,de putamadre argot;OTHER;1. Für die Jahreszeit ist es zu heiß. 2. Ich mache dir einen heißen Tee.
her;hacia aquí [oder acá],hace;OTHER;Wir haben uns lange nicht gesehen. – Ja, das ist wirklich lange her.
herzlich;afectuoso, cariñoso,cordial,de todo corazón;OTHER;Herzlichen Glückwunsch!
heute;hoy,hoy (en) día;OTHER;1. Heute kann ich etwas früher nach Hause gehen. 2. Ab heute bleibt unser Büro nachmittags geschlossen. 3. Frau Müller kommt heute in acht Tagen zurück. 4. Arbeiter verdienen heute oft mehr als Angestellte.
hinter/hinter-;"";OTHER;1. Hinter dem Haus haben wir einen Garten 2. Fahren Sie Ihren Wagen bitte hinter das Haus. 3. Auf den hinteren Plätzen kann man nicht sehr viel sehen.
hinweisen;indicar,advertir;OTHER;Wir möchten Sie darauf hinweisen, dass das Rauchen am Bahnsteig nicht erlaubt ist.
hoch;alto,agudo,elevado,avanzado,fuerte,grande,(hacia) arriba,en [oder a] lo alto,muy, mucho,altamente,sumamente;OTHER;1. Der Berg ist fast 3000 m hoch. 2. Das Hotel liegt hoch über dem See. 3. Die Benzinpreise sind sehr hoch.
hübsch;guapo,bonito,mono,bastante;OTHER;1. Wir haben eine hübsche Wohnung gefunden. 2. Dietmars neue Freundin ist sehr hübsch.
 ideal;ideal,ideell,geistig,Ideal nt,(Traum)ziel nt,Wunschtraum m,Ideale nt pl,Überzeugungen f pl,genial;OTHER;Eine Wohnung mit Garten wäre für uns ideal.
in;en,dentro de,en, durante,dentro de, en,a,in;OTHER;1. Ich wohne in Frankfurt. 2. Meine Wohnung ist im dritten Stock. 3 Wollen wir heute ins Einkaufszentrum gehen? 4. Rufen Sie bitte in fünf Minuten noch einmal an. 5. Im Mai war ich in Urlaub. 6. Wir sind in einer schwierigen Lage. 7. Meine Tochter kommt nächstes Jahr ins Gymnasium.
inklusive;inclusive, incluido;OTHER;Der Zimmerpreis ist inklusive Frühstück.
inner-;"";OTHER;Wir müssen Sie untersuchen. Es kann sein, dass Sie innere Verletzungen haben.
innerhalb;dentro de,dentro de, en el plazo de,dentro;OTHER;1. Diese Fahrkarte gilt nur innerhalb der Stadt. 2. Nach dem Umzug müssen Sie sich innerhalb von 14 Tagen ummelden.
international;internacional;OTHER;1. Die Teilnehmenden in unserem Kurs sind ganz international: Silvana kommt aus Italien, Conchi aus Spanien, Yin aus China ... 2. Der Professor war international bekannt.
irgendein;"";OTHER;Was für einen Saft möchten Sie? – Ganz egal, irgendeinen.
ja;sí,ha;OTHER;1. Sind Sie verheiratet? – Ja. 2. Hallo? – Ja, bitte? Wer spricht denn da? 3. Denk bitte daran, die Tür abzuschließen. – Ja, ja, mach ́ ich. 4. Heute Morgen um fünf hat es geschneit. – Ja, wirklich? 5. Ich würde ja gern kommen, aber es geht wirklich nicht. 6. Du weißt ja, dass ich kein Bier trinke. Gib mir bitte einen Tee. 7. Du bist hier in Berlin? – Das ist ja eine überraschung. 9. Sage das ja nicht meinem Mann!
je;alguna vez,cada,por,cuanto,hihi!,hehe!;OTHER;1. Die Pullover kosten je nach Qualität zwischen 40 und 60 Euro. 2. Fahren Sie im Juni oder im Juli? – Je nachdem, wann mein Mann Urlaub bekommt. 
je ... desto ... ;"";OTHER;3. Je länger ich Deutsch lerne, desto besser kann ich verstehen.
jedes Mal;"";OTHER;Inge erzählt die Geschichte jedes Mal anders.
jemand;alguien,nadie;OTHER;1. Hat jemand einen Kuli für mich? 2. Kennst du jemand, der mir ein Fahrrad leihen kann?
jetzt;ahora,en este momento;OTHER;1. Ich muss jetzt gehen. 2. Bis jetzt hat alles gut geklappt. 3. Ab jetzt werde ich wieder öfter ins Fitness-Studio gehen. 4. Ich habe jetzt schon dreimal bei meinem Bruder angerufen. Aber er ist nie da. 5. über viele Dinge denke ich jetzt anders als früher.
jeweils;cada vez;OTHER;Der Kurs findet jeweils montags und donnerstags um 18 Uhr statt.
kaputtgehen;estropearse, romperse por,arruinarse, destruirse por,marchitarse por,quebrar,destrozarse;OTHER;1. Pass bitte mit diesem Glas auf. Es geht leicht kaputt. 2. Der Fernseher ist gestern kaputtgegangen.
kaputtmachen ;romper, destrozar,arruinar,destrozar;OTHER;Wer hat die Lampe kaputtgemacht?
kein-;"";OTHER;1. Ich habe leider heute keine Zeit. 2. Jetzt habe ich noch keinen Hunger. 3. Ich habe keine Kinder. 4. Was für ein Auto haben Sie? – Ich habe keins. 
klar;claro,comprensible,evidente,despejado,transparente,diáfano,nítido,neto,obvio,lúcido,listo;OTHER;1. Sie müssen noch mehr Deutsch lernen. – Ja, das ist mir klar. 2. Kommst du mit? – Klar! 3. Ich komme zu deinem Geburtstag, das ist doch klar. 4. Leider haben wir bei der Bahn keine klare Auskunft bekommen.
klasse ;estupendo, cojonudo vulg;OTHER;Ich finde unseren Lehrer klasse.
knapp;escaso,limitado,justo, ceñido,poco menos de,conciso,apenas,(muy) justo;OTHER;1. Mach schnell. Die Zeit ist knapp. 2. Unser Geld wird knapp. Wir müssen sparen. 3. Die Fahrt war kurz. Nur knapp eine Stunde. 4. Die Wohnung hat nur knapp 30 m2. 5. Der Tisch hat nur knapp 50 Euro gekostet.
komplett;completo,por completo;OTHER;1. Ich habe den Termin komplett vergessen. 2. Die Wohnung ist jetzt komplett eingerichtet.
kompliziert ;complicado,complejo;OTHER;Die deutsche Sprache finde ich sehr kompliziert.
kostenlos;gratuito,gratis;OTHER;Diese Zeitschrift kostet nichts. Sie ist kostenlos.
kräftig;fuerte,garrudo Mex,robusto,vivo,sustancioso,mucho;OTHER;1. Mein Sohn ist kräftig. Er macht viel Sport und isst viel. 2. Die Suppe musst du kräftig würzen. 
krank;enfermo de;OTHER;1. Ich war zwei Wochen krank. 2. Ich muss mich um meine kranke Großmutter kümmern.
krankmelden,;"";OTHER;1. Er hat sich für heute krankgemeldet. 2. Ich melde meinen Mann krank.
Kriminal-;"";OTHER;-------------
kühl;fresco,frío;OTHER;Es ist kühl draußen. Zieh dir eine Jacke an.
kurz;corto, breve,corto;OTHER;1. Ricardo hat kurze Haare. 2. Kann ich Sie kurz sprechen? 3. Kurz vor 8 Uhr hat das Telefon geklingelt. 4. Mein Mann ist kurz nach mir gekommen. 5. Ich bin vor Kurzem nach München gezogen. 6. Ich wohne seit Kurzem in München. 7. Ich habe das Kleid kürzer machen lassen.
lang;largo,alto,durante,por;OTHER;1. Der Teppich ist 3 m lang und 2 m breit. 2. Meine Schwester hat mir einen langen Brief geschrieben. 3. Die Hose ist zu lang. Können Sie sie kürzer machen?
lang(e);"";OTHER;1. Wie lange dauert die Fahrt von Hamburg nach Berlin? 2. Wie lange bist du schon in Deutschland? 3. Wartest du schon lange? 4. Wir sind noch lange nicht fertig mit der Arbeit. 5. Wir haben lange gefrühstückt. 6. Beim Arzt muss man oft lange warten. 7. Ich komme gleich. Es dauert nicht lange.
längst;hace tiempo,ni mucho menos;OTHER;Wann reparierst du die Heizung? – Die habe ich schon längst repariert.
langsam;lento,paulatino,despacio,paulatinamente, poco a poco;OTHER;1. Könnten Sie bitte etwas langsamer sprechen? 2. Es wird langsam kalt. Es wird Herbst. 
laut;alto,fuerte,ruidoso,según, conforme a,de acuerdo con;OTHER;1. Lass uns gehen. Hier ist es mir zu laut. 2. Können Sie bitte etwas lauter sprechen?
leer;vacío,no amueblado,despoblado,en blanco,vano,inexpresivo,lesen,deuten;OTHER;1. Das Restaurant war fast leer. 2. Die Kanne ist fast leer. Ich mache uns neuen Tee.
leicht;ligero, liviano,fácil, sencillo,leve, ligero,con facilidad,fácil,sencillo,poco;OTHER;1. Der Koffer ist ganz leicht. Ich kann ihn allein tragen. 2. Es ist nicht leicht, Deutsch zu lernen.
leise;silencioso,quedo,bajo,ligero,leve,vago,sin (hacer) ruido,en voz baja,con suavidad;OTHER;1. Seid leise. Die anderen schlafen schon.2. Könntest du das Radio bitte etwas leiser stellen?
lieb;querido,amable,simpático,bueno,agradable;OTHER;1. Wir haben aus Liebe geheiratet. 2. Für mich ist das Wichtigste die Liebe zu meiner Familie und zu meinen Kindern. 3. Die Kinder haben die Geschenke mit viel Liebe gemacht.
Lieblings-;"";OTHER;Zu deinem Geburtstag singen wir dir ein Lied.
links;a la izquierda,a la izquierda de;OTHER;1. An der Kreuzung müssen Sie nach links abbiegen.2. Gehen Sie die nächste Straße links.
link-;"";OTHER;1. Er hat sich das linke Bein gebrochen. 2. Das Haus ist auf der linken Seite.
locker;flojo,suelto,esponjoso,mullido,relajado,libertino;OTHER;Lassen Sie bitte die Arme ganz locker und atmen Sie tief ein.
lustig;alegre,divertido, cómico;OTHER;1. Ich habe einen lustigen Film gesehen. 2. Mir ist heute etwas Lustiges passiert.
mal ;por,una vez,antes,alguna vez, un día,Schaden m,Unrecht nt,Böse nt,Übel nt,Nachteil m,Krankheit f,Unglück nt,schlecht,böse,falsch;OTHER;(siehe einmal)
man;se,uno m,una f;OTHER;1. Wie schreibt man das? 2. Hier darf man nicht parken.
manch-;"";OTHER;1. Manche Nachbarn sind unfreundlich. 2. An manchen Tagen ist das Zugfahren billiger.
maximal;máximo,como máximo, a lo sumo;OTHER;1. Wie lange braucht ein Brief? – Maximal zwei Tage.2. Wie schwer darf der Brief sein? – Maximal 20 g.
mehrere;varios,diferentes;OTHER;1. Ich habe mehrere Leute gefragt. Aber niemand konnte mir helfen. 2. Viele Wörter haben mehrere Bedeutungen.
meistens (meist);"";OTHER;1. Meistens trinke ich zum Frühstück nur einen Kaffee.2. Seid ihr am Wochenende zu Hause? – Ja, meistens.
mit;con,a, con,en,con, de,con, a;OTHER;1. Ich gehe heute Abend mit Maria aus. 2. Wir suchen eine Dreizimmerwohnung mit Küche und Bad. 3. Ich hätte gern einen Tee mit Zitrone. 4. Mit meiner Mutter sind wir acht Personen. 5. Ich bin mit dem Fahrrad gekommen.
miteinander;el uno con el otro,juntos;OTHER;Sprechen Sie bitte miteinander.
mitten;"";OTHER;Wir haben eine Wohnung mitten in der Stadt. Das Flugzeug hatte Verspätung. Wir sind erst mitten in der Nacht angekommen.
modern;pudrirse, descomponerse,moderno;OTHER;Die Wohnung ist modern eingerichtet. Das Stadtzentrum von Frankfurt ist ganz modern.
möglichst;a ser posible, si es posible;OTHER;Sagen Sie mir bitte möglichst bald, ob Ihnen der Termin passt. Wir suchen eine Wohnung, möglichst im Erdgeschoss.
mündlich;oral,verbalmente;OTHER;Die mündliche Prüfung ist erst nächste Woche.
nach;hacia, a,a,con destino a, para,después de,y,según, conforme a;OTHER;1. Ich fahre morgen nach Hamburg. 2. Ich muss jetzt nach Hause. 3. Wir treffen uns nach dem Essen. 4. Es ist schon nach acht. Wir müssen
nah(e);"";OTHER;Wie weit ist es zum Bahnhof? – Das ist ganz nah, nur zwei Minuten von hier.
nass;mojado,calado,empapado,húmedo;OTHER;1. Es hat schrecklich geregnet. Ich bin ganz nass geworden.2. Geh nicht mit den nassen Schuhen ins Wohnzimmer.
natürlich;natural,natural, lógico,naturalmente, por supuesto;OTHER;1. Natürlich helfen wir dir. 2. Kommst du auch wirklich zu meinerParty? – Natürlich.
neblig;"";OTHER;Fahr vorsichtig! Es ist neblig.
neben;junto a, al lado de,en comparación con, al lado de,además de,al lado de;OTHER;1. Neben mir ist noch ein Platz frei. 2. Darf ich mich neben dich setzen? 3. Die Apotheke ist gleich links neben der Post.
negativ;negativo;OTHER;Du solltest nicht alles negativ sehen.
nein;no;OTHER;1. Noch ein Bier? – Nein, danke. 2. Kommst du auch mit nach München? – Nein, ich habe keine Zeit.
netto;neto;OTHER;Mein Bruder verdient netto 1.200 Euro.
neu;nuevo,recién,de nuevo;OTHER;1. Mein Wagen ist noch ganz neu. 2. Wir haben eine neue Wohnung. 3. Man darf hier nicht mehr rauchen? Das ist mir ganz neu. 
nicht;no,verdad;OTHER;1. Zigarette? - Danke, ich rauche nicht. 2. Wie geht es dir? – Nicht so gut. 3. Das Essen in der Kantine ist gar nicht schlecht. 4. Du kommst immer zu spät! – Das stimmt nicht.
nichts;nada;OTHER;1. Ich habe noch nichts gegessen. 2. Ich weiß auch nichts Genaues. 3. Ich habe nichts zum Schreiben dabei. 4. Entschuldigung! – Das macht nichts.
niemand;nadie;OTHER;Ich habe geklingelt. Aber es war niemand zu Hause.
noch;aún, todavía,otro, más;OTHER;1. Mein Bruder geht noch zur Schule. 2. Bist du fertig. – Nein, noch nicht ganz. 3. Haben Sie noch einen Wunsch? – Ja, bitte noch ein Bier. 4. Sonst noch etwas? – Nein, danke. 5. Ich komme später. Ich muss erst noch einkaufen. 6. Meine Freundin studiert, und abends arbeitet sie noch als Kellnerin. 7. Es ist nicht mehr viel Zeit. Nur noch fünf Minuten. 8. Ich habe nur noch 20 Euro. 9. Ist das Essen schon fertig. – Nein, esdauert noch ein paar Minuten. 10. Ist Amadeo schon da? – Vielleicht kommt er noch.
nochmal;"";OTHER;1. Vielen Dank nochmal. 2. Bitte sagen Sie das nochmal.
normal;normal,corriente,normalmente,regelrecht,vorschriftsmäßig,≈ Pädagogische Hochschule f,Normale f;OTHER;Fehler zu machen ist doch ganz normal.
nördlich;del norte, septentrional,al norte de;OTHER;Mein Dorf liegt nördlich von Köln.
notieren;cotizar,anotar, apuntar;OTHER;Ich habe mir den Termin notiert.
nötig;necesario, preciso;OTHER;1. Wenn es nötig ist, nehmen Sie noch eine Tablette.2. Kann ich Ihnen helfen? – Danke, nicht nötig.
nun;ahora,entretanto,pues, bueno,pues bien;OTHER;1. Schade, dass du arbeiten musst. – Das ist nun mal so.2. Was ist jetzt? Kommst du nun endlich?
nur;sólo, solamente,nomás Arg, Mex, Ven;OTHER;1. Im Kaufhaus gibt's T-Shirts für nur fünf Euro.2. Ich habe keinen Hunger. Ich möchte nur etwas trinken. 3. Ich habe nur heute Abend Zeit. 4. Kannst du mir Geld leihen? Tut mir leid. Ich habe nur fünf Euro dabei. 
ob;si,lo mismo da que +subj;OTHER;1. Ich weiß noch nicht, ob ich kommen kann.2. Ob dieser Bus zum Bahnhof fährt, weiß ich nicht.
oben;arriba,en la superficie;OTHER;1. Wir wohnen oben im 4. Stock. 2. Die Butter liegt im Kühlschrank ganz oben.
oder;o,u,ó,si no;OTHER;1. Möchten Sie Kaffee oder Tee? 2. Was möchtest du essen? – Ich weiß nicht, entweder eine Suppe oder einen Salat?
öffentlich;público,en público;OTHER;1. In der Stadt fahre ich immer mit öffentlichen Verkehrsmitteln. 2. In öffentlichen Gebäuden darf man nicht rauchen.
oft/öfter;"";OTHER;1. Ich treffe mich oft mit meiner Freundin. 2. In letzter Zeit muss ich öfter überstunden machen.
ohne;sin,sin contar, excepto;OTHER;1. Bitte eine Pizza ohne Zwiebeln. 2. Ohne Auto ist es schwer, zur Arbeit zu kommen. 3. Mein Sohn ist einfach mit dem Auto weggefahren, ohne mich zu fragen. 4. In diesem Haus kann man nichts machen, ohne dass die Nachbarn darüber reden.
okay;"";OTHER;1. Kannst du mich um 8 Uhr vom Bahnhof abholen? – Okay, mach ́ ich. 2. Es tut mir leid, dass ich dich geweckt habe. – Das ist schon okay. Kein Problem.
öko- (ökologisch) ;"";OTHER;z. B. ökoladen, ökostrom, ökologischer Anbau
online;en línea;OTHER;Ich kaufe jetzt viele Sachen online. Das ist oft billiger.
ordentlich;ordenado,ordinario,numerario,respetable,bueno,bastante bueno, aceptable,ordenadamente,como es debido,bastante,mucho;OTHER;1. Mein Bruder ist ein sehr ordentlicher Mensch. 2. Auf seinem Schreibtisch sieht es immer sehr ordentlich aus.
östlich;del este, oriental,al este de;OTHER;Der Stadtteil liegt östlich vom Zentrum.
(ein) paar;"";OTHER;1. Ich komme gleich. Es dauert nur ein paar Minuten.2. Wir fahren mit ein paar Freunden in Urlaub.
passiv ;pasivo;OTHER;Man sollte im Kurs nicht passiv sein, sondern mitdiskutieren.
per;por;OTHER;Wie kann ich mich für den Kurs anmelden? – Per Fax oder E-Mail.
perfekt ;perfecto,arreglado;OTHER;Die Reiseorganisation war perfekt.
plötzlich;súbito, repentino,de repente;OTHER;Es war zuerst so schön. Plötzlich hat es angefangen zu regnen.
positiv;positivo;OTHER;1. Wir haben eine positive Nachricht für Sie. Sie bekommen die Stelle.2. Man muss positiv denken.
preiswert;de buen precio,barato,a buen precio;OTHER;Die Jacke ist sehr preiswert.
prima;estupendo, genial,muy bien,Kusine f,Cousine f,Prämie f,Zulage f,Zuschlag m,oberste Saite f,Prim f;OTHER;Mit meinem Bruder verstehe ich mich prima.
privat;privado,privado, particular,en privado;OTHER;1. Hier meine Nummer im Büro und meine Privatnummer.2. über meine Probleme möchte ich nicht sprechen. Das ist privat.3. Ich treffe meine Kollegen auch privat.
pro;por,Pro nt,für +akk,pro +akk;OTHER;Eintritt pro Person: zwei Euro.
Prost;"";OTHER;Wir trinken auf Ihre Gesundheit! Prost!
rechtlich ;legal,jurídico;OTHER;Wir beraten Sie in rechtlichen Fragen.
recht;exacto, justo,adecuado,oportuno,verdadero,correcto,muy,bastante,bien;OTHER;1. Ist es Ihnen recht, wenn ich morgen vorbeikomme?2. Da haben Sie recht. 3. Da muss ich Ihnen recht geben.
rechts;(a) la derecha,a la derecha;OTHER;1. An der nächsten Kreuzung müssen Sie rechts abbiegen.2. Das Wohnungsamt ist hier rechts.
recht-;"";OTHER;Ich habe mir den rechten Arm gebrochen.
rechtzeitig;puntual,a tiempo,con (la debida) antelación;OTHER;Bitte weck mich rechtzeitig. Ich muss pünktlich sein.
regelmäßig;regular,con regularidad, regularmente;OTHER;Sie müssen die Tabletten regelmäßig nehmen.
regional;regional;OTHER;Du kannst mit einer Regionalbahn fahren. Das ist billiger.
reich;rico en,suntuoso, lujoso,grande,abundante,amplio;OTHER;1. Der Onkel von meinem Freund ist reich.2. Meine Schwester hat einen reichen Mann geheiratet.
reif ;maduro;OTHER;Die Banane kannst du nicht essen. Sie ist noch nicht reif.
rein;puro,verdadero,limpio,neto,netamente,puramente,absolutamente,adentro, hacia dentro;OTHER;1. Der Pullover ist aus reiner Wolle. 2. Es war reiner Zufall, dass ich die Uhr wiedergefunden habe.
richtig;correcto,justo,exacto,apropiado,oportuno,verdadero,auténtico,bien,efectivamente,verdaderamente,como es debido,en toda regla,por completo;OTHER;1. Was Sie da sagen, ist richtig. 2. Geht Ihre Uhr richtig? 3. Die Hose hat nicht die richtige Größe. 4. Welche Antwort ist richtig?
riesig;gigante, gigantesco,enormemente;OTHER;1. Die Stadt ist riesig. 2. Ich habe mich über das Geschenk riesig gefreut.
rot ;rojo,socialista;OTHER;Auf der Rückfahrt besuche ich meine Eltern.
rücken;hacer sitio, correrse,acercarse a,mover hacia,correr hacia,apartar de,acercar a;OTHER;Ich brauche nicht viel. Ich nehme nur meinen Rucksack mit.
rund;redondo,regordete,redondeado,aproximado,aproximadamente;OTHER;1. Wir haben für unser Wohnzimmer einen runden Tisch gekauft. 2. Bis Berlin sind es noch rund
sämtlich;todo;OTHER;Bringen Sie bitte sämtliche Unterlagen mit.
sauber;limpio,aseado,puro,esmerado,exacto,decente,íntegro,buen,bien de la cabeza,con limpieza,con esmero;OTHER;1. Bringen Sie mir bitte ein sauberes Glas! 2. Ich muss noch das Bad sauber machen.
schade;"";OTHER;1. Ich kann leider nicht mitkommen. – Das ist aber schade!2. Schade, dass du nicht mitkommen kannst.
schick;elegante,chic,paquete Arg;OTHER;Ich finde dein Kleid sehr schick.
schlecht;mal(o),malo, pasado,podrido,viciado,malo, bruto,malicioso,mal;OTHER;1. Das Wetter ist schlecht. 2. Du siehst aber schlecht aus?Bist du krank? 3. Es geht mir schlecht. Ich habe Fieber. 4. Ich habe zu viel gegessen. Jetzt ist mir schlecht. 5. Hier ist schlechte Luft. Mach bitte das Fenster auf. 6. Stell die Milch in den Kühlschrank.Sonst wird sie schlecht. 7. Die Bezahlung in dieser Firmaist schlecht. 8. Die Verbindung ist schlecht.Ich höre dich nicht gut. 9. Der Film war nicht schlecht. Er hat mir ganz gut gefallen.10. Mein Deutsch ist nicht schlecht, aber noch nicht perfekt.
schließlich;finalmente, después de todo,al fin y al cabo;OTHER;1. Ich musste lange warten. Aber schließlich habe ich den Job doch noch bekommen.2. Ich helfe dir natürlich. Du bist schließlich mein Freund.
schlimm;mal(o),terrible,grave,irritado,mal;OTHER;1. Die Wunde sieht schlimm aus. 2. Keine Angst. Das ist nicht so schlimm. 3. Ich hatte einen Unfall.– War es schlimm?
schnell;rápido,de prisa, rápidamente;OTHER;1. Warum fährst du so schnell? 2. Bitte sagen Sie mir so schnell wie möglich Bescheid. 3. Ich bin gleich fertig, ich muss nur noch schnell telefonieren.
schon;ya,(tan) sólo,de hecho,sí;OTHER;1. Ist das Essen schon fertig? 2. Mirko ist erst fünf.Aber er kann schon lesen. 3. Karl ist schon über 60. Aber er ist noch sehr fit. 4. Mach schon, ich kann nicht länger warten. 5. Keine Sorge. Es wird schon klappen. 6. Kommst du mit spazieren? – Ich hätte schon Lust, aber ich muss arbeiten. 7. Ich mag keine Kartoffeln. Und du?– Ich schon.
schön;hermoso, bonito,bien,bastante,de lo lindo;OTHER;1. Ich finde eure Wohnung sehr schön. 2. Es ist schön heute. 3. Wir wünschen Ihnen einenschönen Aufenthalt in Kiel. 4. Schöne Grüße von Herrn Meier. 5. Möchten Sie noch eine Tasse Kaffee?– Nein, danke schön. 6. Schön, dass du kommst. 7. Ich muss noch arbeiten.– Schön, dann bleiben wir zu Hause. 8. Noch einen schönen Abend.
aufschreiben ;anotar, apuntar,recetar;OTHER;Ich habe mir deine Telefonnummer aufgeschrieben.
schwanger ;embarazada;OTHER;Meine Cousine ist im dritten Monat schwanger.
schwarz ;negro,conservador,clandestino,desventurado,desafortunado,desdichado,lúgubre,macabro;OTHER;1. Ich mag die Farbe Schwarz. 2. Meine Freundin hat schwarze Haare.
schwer;pesado,grave,grande,severo,fuerte,pesado, duro,difícil,fuerte, pesado,muy,mucho;OTHER;1. Der Koffer ist viel zu schwer. 2. Die Prüfung war schwer. 3. Das ist eine schwere Arbeit. 4. Dieses Wort ist schwer zu erklären.
Schwieger-;"";OTHER;1. Wir besuchen morgen meine Schwiegereltern. 2. Mein Schwiegervater ist Lehrer. 3. Ich verstehe mich gut mit meiner Schwiegertochter.
seit;desde,desde hace,desde que;OTHER;1. Wir wohnen seit dem 1. März in Dortmund.2. Seit ich in Deutschland wohne, lerne ich Deutsch.
seitdem;desde entonces,desde que;OTHER;Ich bin vor zwei Jahren nach Deutschland gekommen. Seitdem lerne ich Deutsch.
selb-;"";OTHER;Ich habe am selben Tag Geburtstag wie du.
selbst;mismo,incluso, hasta;OTHER;Den Kuchen habe ich selbst gebacken.
selbstständig;independiente,por su propia cuenta, no asalariado,por sí solo,por su propia cuenta;OTHER;1. Jetzt bin ich angestellt. Früher war ich selbstständig. 2. Wir suchen eine Sekretärin, die selbstständig arbeiten kann.
selbstverständlich;evidente,obvio,por supuesto,desde luego;OTHER;Selbstverständlich sagen wir Ihnen sofort Bescheid.
selten ;raro,extraordinario,curioso,raras veces,raramente,extraordinariamente;OTHER;Ich gehe ganz selten ins Kino.
sicher;seguro,cierto,experto,fidedigno,fiable,seguro de sí,con aplomo,seguramente,con seguridad;OTHER;1. Dieses Auto ist besonders sicher. 2. Bist du sicher, dass die Bank heute geöffnet ist? 3. Das weiß ich ganz sicher. 4. Du bist jetzt sicher müde.
so;así, de esta manera,tan,tanto,semejante, tal,más o menos, aproximadamente,bueno,brr,unter +dat;OTHER;1. Wie macht man das? – So! 2. Sie müssen das so machen. Nicht so! 3. Sie sind auch hier! So ein Zufall! 4. Ich melde mich, so schnell ich kann. 5. Wann treffen wir uns? – So gegen 10 Uhr. Ist dir das recht? 6. Dauert es lange? – Eine Stunde oder so kann es schon dauern. 7. Ich hatte kein Geld dabei. Da haben sie mich so hineingelassen. 8. So, jetzt bin ich fertig. Was machen wir jetzt? 9. Fahren Sie bitte nicht so schnell! 10. So, das war’s / das wär’s! 11 Meine Frau ist so groß wie ich. 12. Die Tomaten sind im Moment nicht so teuer. 13. Was macht ihr denn so?
sobald;tan pronto como +subj,en cuanto +subj;OTHER;Sobald ich den Termin weiß, gebe ich Ihnen Bescheid.
sodass;de modo que,de manera que;OTHER;Der Zug hatte zwei Stunden Verspätung, sodass ich erst um 23 Uhr nach Hause kam.
solange;"";OTHER;Solange Sie Fieber haben, dürfen Sie auf keinen Fall arbeiten gehen.
solch- ;"";OTHER;Solche Schuhe finde ich toll.
sondern ;sino,separar de,apartar de;OTHER;Unser Besuch kommt nicht heute, sondern morgen.
sonstig;"";OTHER;Schau mal unter « Sonstiges ».
soviel ;por lo que,de acuerdo con lo que,por mucho que ( +subj ),por más que ( +subj );OTHER;Soviel ich weiß, hat dieses Restaurant heute Ruhetag.
so viel/so viel wie;"";OTHER;1. Ich verdiene nur halb so viel wie er. 2. Ich habe so viel gegessen. Jetzt ist mir schlecht.
sowohl ... als auch;"";OTHER;Sowohl Sie als auch Ihre Frau müssen unterschreiben.
spannend;cautivador,fascinante,muy interesante,de suspense;OTHER;Das Spiel war spannend bis zur letzten Minute.
spät;tardío,tarde;OTHER;1. Wie spät ist es? 2. Es ist schon spät, ich muss gehen. 3. Ich muss mich beeilen. Sonst komme ich zu spät. 4. Sonntags stehen wir immer spät auf. 5. Am späten Nachmittag ist der Verkehr besonders stark. 6. Können Sie später noch mal anrufen? 7. Was willst du denn später mal werden?
Speise-/-speise ;"";OTHER;--------------
Spezial-;"";OTHER;Ich brauche eine Spezialpflege für trockenes Haar.
spitz ;agudo, puntiagudo,afilado,delgado,agudo,mordaz, agudo,codicioso de,deseoso de;OTHER;Der Bleistift ist nicht spitz.
staatlich ;estatal, del Estado,gubernamental,nacional,público,por el Estado;OTHER;Für dieses Projekt gibt es staatliche Unterstützung.
ständig;continuo, permanente,fijo;OTHER;Ich habe schon ein paar Mal bei meiner Freundin angerufen. Es ist ständig besetzt.
stark;fuerte,robusto,garrudo Mex,grueso,considerable,potente,poderoso,de cristales gruesos,intenso,empedernido,grande,guay,tope,muy,mucho;OTHER;1. Der Kaffee ist sehr stark. 2. Am späten Nachmittag ist der Verkehr besonders stark. 3. Ich habe starke Kopfschmerzen. 4. Können Sie mir kein stärkeres Mittel verschreiben? 5. Es hat stark geregnet.
statt;en lugar de, en vez de;OTHER;Kann ich diese Woche statt Donnerstag am Freitag kommen?
stehen bleiben;"";OTHER;1. Bitte bleiben Sie stehen. 2. Meine Uhr ist stehen geblieben.
still;silencioso,tranquilo, quieto,quieto, tranquilo,taciturno, silencioso;OTHER;1. Sei doch mal einen Moment still! 2. Maria kann nicht still sitzen.
stolz;orgulloso de,orgulloso, altanero, soberbio,imponente, majestuoso,considerable;OTHER;1. Mein Sohn ist ganz stolz, dass er die Prüfung bestanden hat.2. Ich bin stolz auf dich. Das hast du sehr gut gemacht.
südlich ;del sur, meridional,al sur de;OTHER;Südwind, ... Mein Dorf liegt südlich von München.
süß;dulce,azucarado,fragante,suave, dulce,mono;OTHER;1. Ich esse gern süße Sachen. 2. Die kleine Eva ist aber wirklich süß.
technisch;técnico;OTHER;1. Es gab ein technisches Problem. 2. Mein Bruder ist technisch sehr interessiert.
teilweise;parcial,en parte, parcialmente;OTHER;1. War der Test schwierig? – Teilweise. 2. Kannst du mir den Satz erklären? Ich verstehe ihn nur teilweise.
tief;profundo, hondo,profundo,bajo,grave, profundo,intenso,profundamente,mucho, profundamente;OTHER;1. Vorsicht, Kinder! Das Wasser ist hier sehr tief. 2. Der Schrank ist drei Meter breit und 60 Zentimeter tief. 3. Bitte jetzt tief einatmen!
tödlich;mortal,a muerte, mortalmente;OTHER;Mein Kollege hatte einen tödlichen Unfall.
toll;increíble,fantástico, genial,achalay Arg, Peru,achachay Col, Ecua,piocha Mex,terrible;OTHER;1. Ich habe mir ein tolles Kleid gekauft. 2. Unser Urlaub war toll.
total ;total, absoluto,completo, verdadero,por completo,total,vollständig,spitze,super,(Gesamt)summe f,Gesamtheit f,also,kurz und gut,sowieso,letztendlich;OTHER;Der Film war total langweilig.
traurig;triste, afligido,agüitado Mex,achucutado Col,triste, doloroso,deplorable, miserable;OTHER;1. Ich bin traurig. Ich darf nicht mitfahren. 2. Das war ein sehr trauriger Film.
trotz;a pesar de, pese a;OTHER;Trotz Grippe bin ich zur Arbeit gegangen.
üben;practicar,entrenarse,ensayar,ejercitar;OTHER;Ich kann noch nicht so gut Deutsch sprechen. Ich muss mehr üben.
über;sobre, (por) encima de,en, sobre,al otro lado de,más allá de,durante,por encima de, sobre,a causa de, debido a,por,vía, pasando por,por, sobre,sobre, acerca de,por, de,de más de,por medio de, a través de,(de) más de,sobrante,superior en;OTHER;1. Die Müllers wohnen direkt über uns. 2. Pass bitte auf, wenn du über die Straße gehst. 3. Fahren Sie über Stuttgart oder über Würzburg? 4. übers Wochenende fahren wir in die Berge. 5. Kinder über zehn Jahre müssen voll bezahlen. 7. Ich suche ein Buch über die deutsche Küche.
um;a,sobre, hacia,tras,en,de,por,alrededor (de),aproximadamente;OTHER;1. Wir treffen uns um 8 Uhr. 2. Die Apotheke ist gleich um die Ecke. 3. Die Benzinpreise sind schon wieder um 3 % gestiegen.
um ... zu;"";OTHER;Was muss ich tun, um Wohngeld zu bekommen?
umgekehrt;invertido,contrario, opuesto,a la inversa,al revés, al contrario;OTHER;Nein, umgekehrt: erst der Vorname, dann der Nachname.
umso;tanto más...;OTHER;Ich mag süßen Tee. Je süßer, umso besser.
unbedingt;absoluto,incondicional,sin falta, a toda costa;OTHER;Ich muss unbedingt mit dir sprechen. 
und;y,e,más,más y más;OTHER;1. Ich habe heute und morgen frei. 2. Ich kaufe ein und mein Mann kocht.
ungefähr;aproximado, aproximativo,aproximadamente, más o menos;OTHER;Wie weit ist es bis zum Bahnhof? Nicht weit, ungefähr zehn Minuten zu Fuß.
unheimlich;tenebroso, inquietante,lúgubre,enorme,muy;OTHER;Die Prüfung war unheimlich schwer.
unten;abajo,en el fondo de, en la parte de abajo de,en el sur;OTHER;1. Wir wohnen im 3. Stock, meine Eltern unten im 1. Stock.2. Sie ist mal kurz nach unten gegangen.
unter;debajo de, bajo,entre,menos de,bajo;OTHER;1. Unter uns wohnt eine Familie mit drei Kindern.2. Die CDs sind im Regal unter dem Fernseher.
unter-;"";OTHER;Mein Pass ist im unteren Regal.
unterwegs;en [oder de] camino,de viaje,en el [oder de] camino,fuera (de casa),en camino;OTHER;1. Warte auf mich. Ich bin unterwegs und komme gleich.2. Unterwegs können wir noch etwas essen.3. Stell dir vor, der Brief war zwei Wochen unterwegs.
ursprünglich;inicial,original,natural,al principio;OTHER;Ursprünglich wollte ich in einem Restaurant arbeiten. Aber dann bin ich Busfahrerin geworden.
verabredet sein;"";OTHER;Tut mir leid, ich habe keine Zeit. Ich bin mit meiner Freundin verabredet.
verdächtig;sospechoso;OTHER;1. Haben Sie etwas Verdächtiges gesehen?2. Die Tür war nicht abgeschlossen. Das ist verdächtig.
verheiratet;"";OTHER;1. Ich bin mit einem Deutschen verheiratet.2. Meine Eltern sind seit 30 Jahren verheiratet.
vernünftig;razonable,sensato,decente,como es debido;OTHER;1. Seien Sie doch vernünftig! 2. Das ist ein ganz vernünftiger Vorschlag.
verpflichtet sein;"";OTHER;Sie sind verpflichtet, den Unfall zu melden.
verrückt;loco,chalado fam;OTHER;1. Bist du verrückt geworden? 2. So eine verrückte Idee.
verschieden;distinto, diferente,variado, diverso,diversos;OTHER;1. Unsere beiden Kinder sind sehr verschieden. 2. Wir haben dieses Kleid in verschiedenen Farben.
verwandt ;emparentado,similar a,afín a;OTHER;Sind Sie mit Frau Meyer verwandt?
viel/viele;"";OTHER;1. Ich habe schon viel gelernt. 2. Ich wünsche Ihnen viel Spaß. 3. Hier regnet es viel. 4. Das ist mir viel zu teuer.
voll;lleno de,ocupado,rebosante de,borracho,regordete, lleno,intenso,sonoro, potente,subido, intenso,entero, completo,completamente, plenamente,con toda (su) fuerza,total;OTHER;1. Die Flasche ist noch ganz voll. 2. Vor den Feiertagen sind die Züge immer sehr voll. 3. Bitte unterschreiben Sie mit Ihrem vollen Namen.
von;de,desde, de, a partir de,por;OTHER;1. Ich komme gerade vom Zahnarzt. 2. Meine Frau kommt gleich von der Arbeit. 3. Emil ist ein Freund von mir. 4. Haben Sie noch eine Zeitung von heute? 5. Von jetzt an müssen wir sparen. 6. Das Büro ist von 13 bis 15 Uhr geschlossen.
vor;delante de,antes de,hace,menos,por delante,sobre,a, ante,adelante;OTHER;1. Ich bin vor einer Woche zurückgekommen. 2. Das Auto steht vor der Tür. 3. Ich konnte vor Schmerzen nicht schlafen. 4. Grüßen Sie alle von mir, vor allem Frau Meier.
voraussichtlich;previsto,probablemente;OTHER;Der Zug hat voraussichtlich 20 Minuten Verspätung.
vorder-;"";OTHER;In den vorderen Reihen sind noch Plätze frei.
vorig-;"";OTHER;Mirko durfte erst vorige Woche aus dem Krankenhaus.
vorläufig;provisional,temporal,provisionalmente,temporalmente,por el momento;OTHER;1. Ich habe noch keine Wohnung. Ich wohne vorläufig bei einem Freund. 2. Das ist ein vorläufiger Bescheid.
vorn/vorne;"";OTHER;1. Bitte vorn beim Fahrer einsteigen! 2. Zwei Kinokarten, bitte. – Wo möchten Sie sitzen, vorne oder hinten? 3. Das war noch nicht ganz richtig. Bitte noch mal von vorne.
vorsichtig;prudente, cuidadoso,con cuidado;OTHER;1. Sei vorsichtig! 2. Bitte fahr vorsichtig, die Straße ist glatt.
wach;despierto,en vela,vivo,espabilado;OTHER;1. Bist du schon lange wach? 2. Ich bin gerade wach geworden.
wahnsinnig;maníaco, demente,loco fam,como una cabra fam,tremendo, enorme,tremendamente, enormemente;OTHER;1. Du fährst viel zu schnell. Bist du wahnsinnig!2. Diese Musik gefällt mir wahnsinnig gut.
wahr;verdadero,verídico,real,auténtico;OTHER;1. Was ich sage, ist wahr. 2. Es ist eine wahre Geschichte. 3. Es ist doch schön hier, nicht wahr?
während;durante,mientras,mientras que;OTHER;Während wir arbeiten, dürfen wir nicht rauchen.
wahrscheinlich;probable,probablemente;OTHER;1. Wahrscheinlich mache ich im Herbst noch einen Deutschkurs.2. Fährst du in den Ferien zu deinen Eltern? – Ich weiß noch nicht. Wahrscheinlich schon.
warm;caliente,caluroso,cálido,que calienta,que abriga,sincero,sentido,homo(sexual);OTHER;1. Hier ist es sehr warm. 2. Abends essen wir oft warm. 3. Du musst dich warm anziehen. 4. Mittags möchte ich gern ein warmes Essen. 5. Für den Winter brauche ich einen warmen Pullover.
warum;por qué,por (lo) que;OTHER;1. Warum besuchst du mich nicht? 2. Ich mag diese Arbeit nicht.– Warum denn nicht?
was;qué,(lo) que,algo;OTHER;1. Was ist das? 2. Was möchten Sie? 3. Wissen Sie, was das ist? 4. Hast du schon (et)was gegessen?
was für ein-;"";OTHER;Ich will mir ein Auto kaufen. – Was denn für eins?
weder ... noch;"";OTHER;Für Urlaub haben wir weder Zeit noch Geld.
weg/weg-;"";OTHER;1. Meine Handtasche ist weg! 2. Den Brief darfst du nicht wegwerfen.
wegen;a causa de, debido a,respecto a,por, a causa de;OTHER;1. Wegen Nebels konnte unser Flugzeug nicht landen. 2. Ich rufe wegen meiner Tochter an.
weich;flexible,tierno,pasado por agua,blando,suave,débil;OTHER;1. Ich möchte zum Frühstück ein weiches Ei. 2. Das Bett im Hotel ist mir zu weich.
weil ;porque,dado que, debido a que;OTHER;Warum kommt dein Vater nicht? – Weil er arbeiten muss.
weiß;blanco;OTHER;Es hat geschneit. Alles ist ganz weiß.
weit;vasto, extenso,amplio,grande,espacioso,ancho,lejano, distante,largo,largo, prolongado,mucho;OTHER;1. Wie weit ist es noch bis München? 2. Zum Bahnhof ist es nicht weit. 3. Wie weit sind Sie mit der Arbeit? 4. Die Jacke ist mir zu weit.
weiter/weiter-;"";OTHER;1. Ich möchte nicht stören. Bitte essen Sie ruhig weiter.2. Haben Sie noch weitere Fragen? 
weltweit;mundial, universal,a escala mundial;OTHER;Unsere Firma produziert für den weltweiten Markt.
wenig/wenige;"";OTHER;1. Essen Sie immer so wenig? 2. Ich habe nur wenig geschlafen. 3. Hier gibt es nur wenige Geschäfte.
wenn;cuando,si,en caso de que +subj;OTHER;Kommst du zu der Party? – Vielleicht, wenn ich nicht arbeiten muss.
wer;quién,quiénes pl,quien, el que,quienes, los que pl,alguien;OTHER;1. Wer ist das? Kennst du die Frau? 2. Wer will die Prüfung machen? 3. Nur wer Eintrittskarten hat darf rein.
wert;"";OTHER;Das Auto ist vielleicht noch 1000 Euro wert.
westlich ;al oeste de;OTHER;Das Dorf liegt westlich von Frankfurt.
wie;¿cómo?,¿qué?,¿de qué manera?,como,que,¡cómo!,¡qué!,¿verdad?,¿o no?,(tal) como,cuando,según,cómo;OTHER;1. Wie heißt du? 2. Wie lange bist du schon hier? 3. Meine Frau ist so alt wie ich. 4. Wie schreibt man das? 5. Wie bitte? 6. Wie gefällt dir unsere Wohnung?
wieder/wieder-;"";OTHER;1. Wann kommst du wieder? 2. Meine Mutter war krank. Jetzt ist sie aber wieder gesund. 3. Mein Bruder kommt schon wieder zu spät. 4. Meine Eltern sind zu Besuch gekommen. Morgen fahren sie wieder zurück.
wie viel/wie viele;"";OTHER;1. Wie viel Geld hast du dabei? 2. Wie viel ist ein Euro hier wert? 3. Wie viele Kinder haben Sie?
willkommen ;bienvenido,oportuno, agradable;OTHER;Herzlich willkommen in Köln.
wirklich;real,verdadero, auténtico,de verdad, de veras;OTHER;1. Du glaubst mir nicht? Es ist aber wirklich so.2. Im Bahnhofsrestaurant isst man wirklich sehr gut.
wo;dónde,donde,cuando, que,ya que,aún cuando,aunque;OTHER;1. Wo waren Sie im Urlaub? 2. Wo wohnen Sie? 3. Wo ist das Ausländeramt?
wohl;bien,a gusto,perfectamente,cerca de, más o menos,a decir verdad, en efecto,probablemente;OTHER;1. Kann ich nach Hause gehen? Ich fühle mich nicht wohl. 2. Wo ist deine Schwester? – Sie wird wohl noch in der Schule sein.
wunderbar;milagroso,maravilloso,fenomenal fam,a las mil maravillas;OTHER;1. Im ganzen Urlaub hatten wir wunderbares Wetter.2. Diese Schokolade schmeckt wunderbar.
wütend;furioso, enfurecido por con/contra,alebrestado Col, Ven;OTHER;1. Warum bist du so wütend? 2. Ich bin wütend auf meinen Bruder. Er hat wieder nicht auf mich gewartet.
ziemlich;bastante,considerable,casi;OTHER;1. Ich bin ziemlich müde. Ich gehe ins Bett.2. Es ist schon ziemlich spät. Wir müssen gehen.3. Ich musste beim Arzt ziemlich lange warten.
zirka/circa ;"";OTHER;Meine Wohnung ist zirka fünf Minuten vom Zentrum entfernt.
zu;a,en,con,para, por,a, contra,(con) respecto a,demasiado,hacia,cerrado;OTHER;1. Ich bringe Sie zum Bahnhof. 2. Wann sind Sie zu Hause? 3. Am besten gehen Sie zu Fuß. 4 Wir fahren im Sommer zu meinen Eltern. 5. Gehen Ihre Kinder schon/noch zur Schule? 6. Das Kleid ist mir zu teuer. 7. Bitte zwanzig Briefmarken zu 55 Cent. 8. Ich trinke zum Essen ein Bier. 9. Unsere Mannschaft hat 2 zu 1 gewonnen. 10. Ich habe vor, mir ein neues Auto zu kaufen. 11. Hast du etwas zu trinken für mich?
zuerst;primero,en primer lugar,al principio,por primera vez;OTHER;1. Wer war zuerst? – Der Herr hier. 2. Zuerst gibt es Mittagessen.Dann könnt ihr Schokolade essen. 3. Zuerst hat mir die Arbeit gar nicht gefallen. Jetzt geht es besser.
zufällig;ocasional,casual,por casualidad,casualmente;OTHER;1. Wir haben uns zufällig am Bahnhof getroffen.2. Hast du zufällig meine Brille gesehen?
zugehen;dirigirse a,llegar,cerrar(se),apresurarse;OTHER;1. Die Tür geht nicht zu. Kannst du mir helfen?2. Ich habe zugenommen. Die Hose geht nicht mehr zu.
zukünftig;futuro,en el futuro, de ahora en adelante;OTHER;Das ist Ihr zukünftiger Chef, Herr Weber.
zusammen/zusammen-;"";OTHER;1. Wir haben als Kinder oft zusammen gespielt.2. Zahlen bitte. – Das macht zusammen 10 Euro 80.
zusätzlich;adicional,suplementario,más;OTHER;Sie müssen in Zukunft eine Stunde zusätzlich arbeiten.
zwischen;entre,en medio de;OTHER;1. Das Regal stellen wir zwischen die beiden Schränke.2. Heidelberg liegt zwischen Frankfurt und Stuttgart.3. Zwischen 8 und 10 Uhr bin ich zu Hause.4. Zwischen Weihnachten und Neujahr bleibt unser Büro geschlossen.
